student_id,name,age
EHIST9748,Student_EHIST9748,18
EHIST5162,Student_EHIST5162,23
EHIST4552,Student_EHIST4552,23
EHIST6433,Student_EHIST6433,24
EHIST5143,Student_EHIST5143,21
EHIST8546,Student_EHIST8546,24
EHIST6517,Student_EHIST6517,20
EHIST8138,Student_EHIST8138,20
EHIST1549,Student_EHIST1549,24
EHIST9493,Student_EHIST9493,21
EHIST3279,Student_EHIST3279,18
EHIST7258,Student_EHIST7258,21
EHIST6172,Student_EHIST6172,18
EHIST4699,Student_EHIST4699,23
EHIST1473,Student_EHIST1473,22
EHIST3507,Student_EHIST3507,22
EHIST7344,Student_EHIST7344,23
EHIST8454,Student_EHIST8454,25
EHIST9834,Student_EHIST9834,25
EHIST7885,Student_EHIST7885,22
EHIST9881,Student_EHIST9881,19
EHIST3046,Student_EHIST3046,18
EHIST2784,Student_EHIST2784,20
EHIST7096,Student_EHIST7096,20
EHIST7859,Student_EHIST7859,20
EHIST5958,Student_EHIST5958,19
EHIST2522,Student_EHIST2522,22
EHIST1044,Student_EHIST1044,23
EHIST3491,Student_EHIST3491,19
EHIST8375,Student_EHIST8375,23
EHIST7599,Student_EHIST7599,24
EHIST5534,Student_EHIST5534,25
EHIST7908,Student_EHIST7908,21
EHIST1217,Student_EHIST1217,21
EHIST5865,Student_EHIST5865,23
EHIST4461,Student_EHIST4461,22
EHIST7726,Student_EHIST7726,25
EHIST8308,Student_EHIST8308,20
EHIST4315,Student_EHIST4315,19
EHIST4651,Student_EHIST4651,20
EHIST8253,Student_EHIST8253,23
EHIST5422,Student_EHIST5422,25
EHIST6400,Student_EHIST6400,22
EHIST8168,Student_EHIST8168,24
EHIST8952,Student_EHIST8952,25
EHIST3493,Student_EHIST3493,23
EHIST8922,Student_EHIST8922,20
EHIST1034,Student_EHIST1034,18
EHIST5206,Student_EHIST5206,24
EHIST7369,Student_EHIST7369,21
EHIST6659,Student_EHIST6659,21
EHIST2842,Student_EHIST2842,23
EHIST2718,Student_EHIST2718,19
EHIST6070,Student_EHIST6070,24
EHIST5963,Student_EHIST5963,22
EHIST1771,Student_EHIST1771,20
EHIST2969,Student_EHIST2969,22
EHIST1141,Student_EHIST1141,22
EHIST6980,Student_EHIST6980,18
EHIST6016,Student_EHIST6016,22
EHIST1492,Student_EHIST1492,19
EHIST5216,Student_EHIST5216,19
EHIST9462,Student_EHIST9462,23
EHIST7527,Student_EHIST7527,22
EHIST2315,Student_EHIST2315,18
EHIST4116,Student_EHIST4116,25
EHIST8507,Student_EHIST8507,20
EHIST6295,Student_EHIST6295,24
EHIST3658,Student_EHIST3658,21
EHIST3582,Student_EHIST3582,23
EHIST7047,Student_EHIST7047,22
EHIST3447,Student_EHIST3447,24
EHIST3025,Student_EHIST3025,23
EHIST5680,Student_EHIST5680,20
EHIST4233,Student_EHIST4233,23
EHIST2483,Student_EHIST2483,18
EHIST6909,Student_EHIST6909,24
EHIST4009,Student_EHIST4009,23
EHIST7707,Student_EHIST7707,21
EHIST1820,Student_EHIST1820,22
EHIST9230,Student_EHIST9230,20
EHIST5159,Student_EHIST5159,18
EHIST6857,Student_EHIST6857,20
EHIST3385,Student_EHIST3385,18
EHIST4121,Student_EHIST4121,25
EHIST1371,Student_EHIST1371,25
EHIST4694,Student_EHIST4694,22
EHIST2755,Student_EHIST2755,21
EHIST6703,Student_EHIST6703,25
EHIST6757,Student_EHIST6757,23
EHIST9161,Student_EHIST9161,22
EHIST6737,Student_EHIST6737,25
EHIST6696,Student_EHIST6696,21
EHIST2464,Student_EHIST2464,25
EHIST1325,Student_EHIST1325,25
EHIST1192,Student_EHIST1192,21
EHIST8557,Student_EHIST8557,18
EHIST3690,Student_EHIST3690,23
EHIST1299,Student_EHIST1299,19
EHIST7009,Student_EHIST7009,19
EHIST7493,Student_EHIST7493,24
EHIST6053,Student_EHIST6053,20
EHIST7229,Student_EHIST7229,19
EHIST6067,Student_EHIST6067,18
EHIST2020,Student_EHIST2020,23
EHIST7972,Student_EHIST7972,20
EHIST7621,Student_EHIST7621,19
EHIST6772,Student_EHIST6772,24
EHIST5829,Student_EHIST5829,22
EHIST3120,Student_EHIST3120,19
EHIST5828,Student_EHIST5828,19
EHIST9169,Student_EHIST9169,20
EHIST6617,Student_EHIST6617,25
EHIST5992,Student_EHIST5992,23
EHIST1898,Student_EHIST1898,20
EHIST7456,Student_EHIST7456,23
EHIST7965,Student_EHIST7965,21
EHIST5059,Student_EHIST5059,18
EHIST2851,Student_EHIST2851,24
EHIST9004,Student_EHIST9004,25
EHIST2821,Student_EHIST2821,21
EHIST6169,Student_EHIST6169,23
EHIST1499,Student_EHIST1499,24
EHIST6419,Student_EHIST6419,23
EHIST5656,Student_EHIST5656,25
EHIST9784,Student_EHIST9784,20
EHIST1863,Student_EHIST1863,18
EHIST2697,Student_EHIST2697,19
EHIST9043,Student_EHIST9043,24
EHIST4760,Student_EHIST4760,18
EHIST5581,Student_EHIST5581,23
EHIST8079,Student_EHIST8079,24
EHIST5041,Student_EHIST5041,24
EHIST6741,Student_EHIST6741,22
EHIST5623,Student_EHIST5623,22
EHIST6301,Student_EHIST6301,19
EHIST7126,Student_EHIST7126,25
EHIST5831,Student_EHIST5831,20
EHIST8821,Student_EHIST8821,18
EHIST1273,Student_EHIST1273,23
EHIST4253,Student_EHIST4253,21
EHIST2105,Student_EHIST2105,25
EHIST4999,Student_EHIST4999,20
EHIST6745,Student_EHIST6745,20
EHIST8895,Student_EHIST8895,23
EHIST9058,Student_EHIST9058,23
EHIST9257,Student_EHIST9257,22
EHIST2991,Student_EHIST2991,23
EHIST4201,Student_EHIST4201,23
EHIST2537,Student_EHIST2537,18
EHIST7575,Student_EHIST7575,19
EHIST5974,Student_EHIST5974,23
EHIST6855,Student_EHIST6855,25
EHIST1416,Student_EHIST1416,21
EHIST6682,Student_EHIST6682,20
EHIST7253,Student_EHIST7253,20
EHIST7841,Student_EHIST7841,20
EHIST9866,Student_EHIST9866,18
EHIST4577,Student_EHIST4577,20
EHIST1789,Student_EHIST1789,19
EHIST5020,Student_EHIST5020,20
EHIST7165,Student_EHIST7165,21
EHIST9717,Student_EHIST9717,18
EHIST5257,Student_EHIST5257,24
EHIST9561,Student_EHIST9561,22
EHIST6520,Student_EHIST6520,19
EHIST5903,Student_EHIST5903,23
EHIST4087,Student_EHIST4087,24
EHIST5701,Student_EHIST5701,21
EHIST1750,Student_EHIST1750,18
EHIST1469,Student_EHIST1469,21
EHIST8204,Student_EHIST8204,21
EHIST8930,Student_EHIST8930,19
EHIST6499,Student_EHIST6499,18
EHIST9411,Student_EHIST9411,24
EHIST5655,Student_EHIST5655,19
EHIST4312,Student_EHIST4312,25
EHIST9848,Student_EHIST9848,23
EHIST4297,Student_EHIST4297,23
EHIST8967,Student_EHIST8967,20
EHIST4438,Student_EHIST4438,23
EHIST6007,Student_EHIST6007,21
EHIST8039,Student_EHIST8039,19
EHIST5146,Student_EHIST5146,22
EHIST2566,Student_EHIST2566,22
EHIST4731,Student_EHIST4731,20
EHIST1693,Student_EHIST1693,20
EHIST2548,Student_EHIST2548,25
EHIST8625,Student_EHIST8625,25
EHIST9424,Student_EHIST9424,25
EHIST5659,Student_EHIST5659,24
EHIST9530,Student_EHIST9530,20
EHIST7753,Student_EHIST7753,21
EHIST2877,Student_EHIST2877,21
EHIST9225,Student_EHIST9225,24
EHIST6892,Student_EHIST6892,23
EHIST8647,Student_EHIST8647,21
EHIST5120,Student_EHIST5120,23
EHIST2788,Student_EHIST2788,18
EHIST4667,Student_EHIST4667,19
EHIST4198,Student_EHIST4198,21
EHIST1263,Student_EHIST1263,24
EHIST8903,Student_EHIST8903,21
EHIST4431,Student_EHIST4431,23
EHIST4300,Student_EHIST4300,20
EHIST9586,Student_EHIST9586,18
EHIST3902,Student_EHIST3902,18
EHIST9577,Student_EHIST9577,22
EHIST6984,Student_EHIST6984,22
EHIST8755,Student_EHIST8755,22
EHIST4922,Student_EHIST4922,19
EHIST9798,Student_EHIST9798,21
EHIST7542,Student_EHIST7542,25
EHIST8515,Student_EHIST8515,21
EHIST5926,Student_EHIST5926,20
EHIST1516,Student_EHIST1516,22
EHIST8824,Student_EHIST8824,21
EHIST8050,Student_EHIST8050,23
EHIST2987,Student_EHIST2987,23
EHIST2964,Student_EHIST2964,25
EHIST9995,Student_EHIST9995,19
EHIST8474,Student_EHIST8474,19
EHIST2815,Student_EHIST2815,22
EHIST2758,Student_EHIST2758,25
EHIST7763,Student_EHIST7763,22
EHIST9475,Student_EHIST9475,25
EHIST1940,Student_EHIST1940,25
EHIST3693,Student_EHIST3693,21
EHIST5470,Student_EHIST5470,25
EHIST2469,Student_EHIST2469,18
EHIST7204,Student_EHIST7204,23
EHIST2977,Student_EHIST2977,18
EHIST6816,Student_EHIST6816,25
EHIST3943,Student_EHIST3943,24
EHIST7556,Student_EHIST7556,25
EHIST1257,Student_EHIST1257,22
EHIST7681,Student_EHIST7681,20
EHIST3435,Student_EHIST3435,18
EHIST9264,Student_EHIST9264,21
EHIST8067,Student_EHIST8067,20
EHIST7331,Student_EHIST7331,22
EHIST9483,Student_EHIST9483,19
EHIST4702,Student_EHIST4702,18
EHIST8088,Student_EHIST8088,23
EHIST4553,Student_EHIST4553,22
EHIST5977,Student_EHIST5977,23
EHIST8240,Student_EHIST8240,19
EHIST9597,Student_EHIST9597,20
EHIST4208,Student_EHIST4208,18
EHIST7781,Student_EHIST7781,21
EHIST6040,Student_EHIST6040,19
EHIST7156,Student_EHIST7156,21
EHIST5001,Student_EHIST5001,18
EHIST6587,Student_EHIST6587,20
EHIST8141,Student_EHIST8141,21
EHIST4424,Student_EHIST4424,18
EHIST9180,Student_EHIST9180,23
EHIST2073,Student_EHIST2073,18
EHIST4831,Student_EHIST4831,25
EHIST5383,Student_EHIST5383,22
EHIST2397,Student_EHIST2397,18
EHIST2779,Student_EHIST2779,22
EHIST8653,Student_EHIST8653,20
EHIST9240,Student_EHIST9240,25
EHIST9345,Student_EHIST9345,25
EHIST5056,Student_EHIST5056,22
EHIST2480,Student_EHIST2480,18
EHIST1822,Student_EHIST1822,20
EHIST6309,Student_EHIST6309,21
EHIST3393,Student_EHIST3393,25
EHIST9439,Student_EHIST9439,24
EHIST4062,Student_EHIST4062,18
EHIST8673,Student_EHIST8673,25
EHIST1160,Student_EHIST1160,22
EHIST5806,Student_EHIST5806,22
EHIST6480,Student_EHIST6480,21
EHIST7788,Student_EHIST7788,21
EHIST9323,Student_EHIST9323,18
EHIST5684,Student_EHIST5684,23
EHIST8865,Student_EHIST8865,20
EHIST6878,Student_EHIST6878,22
EHIST9190,Student_EHIST9190,21
EHIST1742,Student_EHIST1742,20
EHIST2223,Student_EHIST2223,21
EHIST8836,Student_EHIST8836,21
EHIST1844,Student_EHIST1844,18
EHIST9575,Student_EHIST9575,22
EHIST3157,Student_EHIST3157,24
EHIST3307,Student_EHIST3307,23
EHIST4106,Student_EHIST4106,23
EHIST6648,Student_EHIST6648,23
EHIST6449,Student_EHIST6449,25
EHIST9800,Student_EHIST9800,18
EHIST4957,Student_EHIST4957,24
EHIST1060,Student_EHIST1060,21
EHIST3308,Student_EHIST3308,23
EHIST8041,Student_EHIST8041,19
EHIST2538,Student_EHIST2538,21
EHIST1239,Student_EHIST1239,23
EHIST8782,Student_EHIST8782,23
EHIST3624,Student_EHIST3624,19
EHIST4741,Student_EHIST4741,22
EHIST5406,Student_EHIST5406,21
EHIST6944,Student_EHIST6944,23
EHIST7192,Student_EHIST7192,23
EHIST3126,Student_EHIST3126,22
EHIST7952,Student_EHIST7952,23
EHIST7324,Student_EHIST7324,21
EHIST9687,Student_EHIST9687,23
EHIST4611,Student_EHIST4611,20
EHIST4512,Student_EHIST4512,20
EHIST6460,Student_EHIST6460,18
EHIST4603,Student_EHIST4603,22
EHIST9285,Student_EHIST9285,21
EHIST5524,Student_EHIST5524,23
EHIST9358,Student_EHIST9358,22
EHIST7845,Student_EHIST7845,24
EHIST2609,Student_EHIST2609,23
EHIST9000,Student_EHIST9000,21
EHIST3246,Student_EHIST3246,20
EHIST9853,Student_EHIST9853,25
EHIST5643,Student_EHIST5643,21
EHIST4285,Student_EHIST4285,25
EHIST5653,Student_EHIST5653,23
EHIST8754,Student_EHIST8754,20
EHIST6838,Student_EHIST6838,25
EHIST9543,Student_EHIST9543,20
EHIST1073,Student_EHIST1073,20
EHIST7206,Student_EHIST7206,18
EHIST8279,Student_EHIST8279,22
EHIST9458,Student_EHIST9458,18
EHIST1902,Student_EHIST1902,22
EHIST3357,Student_EHIST3357,19
EHIST9580,Student_EHIST9580,18
EHIST9192,Student_EHIST9192,22
EHIST8024,Student_EHIST8024,23
EHIST1756,Student_EHIST1756,18
EHIST9010,Student_EHIST9010,21
EHIST8402,Student_EHIST8402,24
EHIST3318,Student_EHIST3318,22
EHIST3753,Student_EHIST3753,21
EHIST9089,Student_EHIST9089,18
EHIST1711,Student_EHIST1711,25
EHIST4149,Student_EHIST4149,20
EHIST6620,Student_EHIST6620,20
EHIST3390,Student_EHIST3390,23
EHIST8480,Student_EHIST8480,20
EHIST7935,Student_EHIST7935,24
EHIST8427,Student_EHIST8427,22
EHIST6159,Student_EHIST6159,25
EHIST8748,Student_EHIST8748,25
EHIST7874,Student_EHIST7874,25
EHIST2610,Student_EHIST2610,21
EHIST4042,Student_EHIST4042,24
EHIST8334,Student_EHIST8334,19
EHIST4057,Student_EHIST4057,23
EHIST4043,Student_EHIST4043,22
EHIST1572,Student_EHIST1572,25
EHIST9037,Student_EHIST9037,21
EHIST9182,Student_EHIST9182,23
EHIST6974,Student_EHIST6974,20
EHIST1984,Student_EHIST1984,20
EHIST3428,Student_EHIST3428,24
EHIST3124,Student_EHIST3124,20
EHIST5631,Student_EHIST5631,18
EHIST9872,Student_EHIST9872,20
EHIST7246,Student_EHIST7246,19
EHIST5404,Student_EHIST5404,24
EHIST6623,Student_EHIST6623,19
EHIST6020,Student_EHIST6020,20
EHIST7230,Student_EHIST7230,24
EHIST6060,Student_EHIST6060,24
EHIST7113,Student_EHIST7113,25
EHIST8262,Student_EHIST8262,19
EHIST1018,Student_EHIST1018,23
EHIST7865,Student_EHIST7865,25
EHIST5491,Student_EHIST5491,22
EHIST6698,Student_EHIST6698,20
EHIST6065,Student_EHIST6065,19
EHIST7746,Student_EHIST7746,25
EHIST3147,Student_EHIST3147,19
EHIST3217,Student_EHIST3217,19
EHIST3815,Student_EHIST3815,24
EHIST2952,Student_EHIST2952,20
EHIST8056,Student_EHIST8056,21
EHIST8265,Student_EHIST8265,24
EHIST4676,Student_EHIST4676,18
EHIST9195,Student_EHIST9195,21
EHIST7392,Student_EHIST7392,19
EHIST8371,Student_EHIST8371,20
EHIST7666,Student_EHIST7666,22
EHIST8418,Student_EHIST8418,21
EHIST5017,Student_EHIST5017,23
EHIST4509,Student_EHIST4509,22
EHIST6019,Student_EHIST6019,25
EHIST3389,Student_EHIST3389,24
EHIST4088,Student_EHIST4088,21
EHIST1989,Student_EHIST1989,19
EHIST8280,Student_EHIST8280,25
EHIST7839,Student_EHIST7839,20
EHIST4719,Student_EHIST4719,24
EHIST6691,Student_EHIST6691,23
EHIST6486,Student_EHIST6486,19
EHIST6001,Student_EHIST6001,19
EHIST5487,Student_EHIST5487,19
EHIST4583,Student_EHIST4583,22
EHIST5133,Student_EHIST5133,20
EHIST9994,Student_EHIST9994,20
EHIST2171,Student_EHIST2171,19
EHIST2598,Student_EHIST2598,19
EHIST1917,Student_EHIST1917,23
EHIST6829,Student_EHIST6829,22
EHIST7155,Student_EHIST7155,18
EHIST1570,Student_EHIST1570,23
EHIST9184,Student_EHIST9184,18
EHIST2308,Student_EHIST2308,22
EHIST9457,Student_EHIST9457,25
EHIST3990,Student_EHIST3990,19
EHIST4079,Student_EHIST4079,21
EHIST7057,Student_EHIST7057,21
EHIST6223,Student_EHIST6223,20
EHIST4608,Student_EHIST4608,25
EHIST5213,Student_EHIST5213,22
EHIST2494,Student_EHIST2494,20
EHIST5763,Student_EHIST5763,23
EHIST9006,Student_EHIST9006,25
EHIST7524,Student_EHIST7524,23
EHIST2114,Student_EHIST2114,20
EHIST4955,Student_EHIST4955,23
EHIST5365,Student_EHIST5365,18
EHIST6854,Student_EHIST6854,22
EHIST2852,Student_EHIST2852,24
EHIST5478,Student_EHIST5478,21
EHIST5473,Student_EHIST5473,23
EHIST9871,Student_EHIST9871,25
EHIST9868,Student_EHIST9868,18
EHIST1347,Student_EHIST1347,22
EHIST5929,Student_EHIST5929,19
EHIST7152,Student_EHIST7152,23
EHIST3985,Student_EHIST3985,25
EHIST4677,Student_EHIST4677,23
EHIST1761,Student_EHIST1761,24
EHIST5598,Student_EHIST5598,21
EHIST4726,Student_EHIST4726,20
EHIST4359,Student_EHIST4359,22
EHIST3420,Student_EHIST3420,22
EHIST5461,Student_EHIST5461,20
EHIST7962,Student_EHIST7962,20
EHIST9130,Student_EHIST9130,25
EHIST4538,Student_EHIST4538,19
EHIST6734,Student_EHIST6734,24
EHIST7757,Student_EHIST7757,19
EHIST9460,Student_EHIST9460,22
EHIST4530,Student_EHIST4530,22
EHIST7053,Student_EHIST7053,25
EHIST7569,Student_EHIST7569,22
EHIST2998,Student_EHIST2998,24
EHIST2896,Student_EHIST2896,22
EHIST5839,Student_EHIST5839,20
EHIST4213,Student_EHIST4213,22
EHIST2928,Student_EHIST2928,19
EHIST2725,Student_EHIST2725,21
EHIST6739,Student_EHIST6739,18
EHIST9612,Student_EHIST9612,24
EHIST8166,Student_EHIST8166,21
EHIST3267,Student_EHIST3267,23
EHIST3673,Student_EHIST3673,20
EHIST5834,Student_EHIST5834,23
EHIST9631,Student_EHIST9631,18
EHIST2735,Student_EHIST2735,21
EHIST3784,Student_EHIST3784,18
EHIST4874,Student_EHIST4874,18
EHIST1014,Student_EHIST1014,25
EHIST3280,Student_EHIST3280,21
EHIST8667,Student_EHIST8667,24
EHIST9205,Student_EHIST9205,20
EHIST8304,Student_EHIST8304,19
EHIST1978,Student_EHIST1978,24
EHIST6435,Student_EHIST6435,19
EHIST3342,Student_EHIST3342,23
EHIST2057,Student_EHIST2057,24
EHIST4170,Student_EHIST4170,22
EHIST4924,Student_EHIST4924,22
EHIST5672,Student_EHIST5672,25
EHIST6156,Student_EHIST6156,23
EHIST2068,Student_EHIST2068,22
EHIST6678,Student_EHIST6678,20
EHIST4754,Student_EHIST4754,24
EHIST6532,Student_EHIST6532,22
EHIST6191,Student_EHIST6191,23
EHIST8143,Student_EHIST8143,22
EHIST7800,Student_EHIST7800,18
EHIST8891,Student_EHIST8891,18
EHIST3337,Student_EHIST3337,18
EHIST3075,Student_EHIST3075,24
EHIST4066,Student_EHIST4066,20
EHIST5689,Student_EHIST5689,25
EHIST8479,Student_EHIST8479,19
EHIST9912,Student_EHIST9912,20
EHIST6833,Student_EHIST6833,25
