student_id,name,age
EHIST6342,Student_EHIST6342,20
EHIST1314,Student_EHIST1314,25
EHIST6953,Student_EHIST6953,22
EHIST1227,Student_EHIST1227,22
EHIST7875,Student_EHIST7875,25
EHIST6361,Student_EHIST6361,21
EHIST4940,Student_EHIST4940,21
EHIST6957,Student_EHIST6957,23
EHIST4275,Student_EHIST4275,23
EHIST3340,Student_EHIST3340,21
EHIST9576,Student_EHIST9576,23
EHIST9218,Student_EHIST9218,25
EHIST5831,Student_EHIST5831,19
EHIST5003,Student_EHIST5003,25
EHIST3551,Student_EHIST3551,24
EHIST2911,Student_EHIST2911,18
EHIST1307,Student_EHIST1307,22
EHIST6974,Student_EHIST6974,20
EHIST7415,Student_EHIST7415,21
EHIST1766,Student_EHIST1766,23
EHIST8214,Student_EHIST8214,25
EHIST7465,Student_EHIST7465,23
EHIST6835,Student_EHIST6835,23
EHIST7650,Student_EHIST7650,18
EHIST8607,Student_EHIST8607,25
EHIST4802,Student_EHIST4802,19
EHIST3156,Student_EHIST3156,22
EHIST1027,Student_EHIST1027,19
EHIST1920,Student_EHIST1920,19
EHIST8520,Student_EHIST8520,18
EHIST7457,Student_EHIST7457,22
EHIST2888,Student_EHIST2888,19
EHIST6153,Student_EHIST6153,19
EHIST8658,Student_EHIST8658,23
EHIST3901,Student_EHIST3901,25
EHIST8533,Student_EHIST8533,19
EHIST1153,Student_EHIST1153,19
EHIST3342,Student_EHIST3342,24
EHIST9667,Student_EHIST9667,25
EHIST8255,Student_EHIST8255,23
EHIST2736,Student_EHIST2736,18
EHIST3332,Student_EHIST3332,23
EHIST8098,Student_EHIST8098,25
EHIST1630,Student_EHIST1630,18
EHIST2188,Student_EHIST2188,24
EHIST2050,Student_EHIST2050,24
EHIST1421,Student_EHIST1421,22
EHIST7913,Student_EHIST7913,24
EHIST5529,Student_EHIST5529,18
EHIST7977,Student_EHIST7977,21
EHIST3209,Student_EHIST3209,24
EHIST1407,Student_EHIST1407,20
EHIST1922,Student_EHIST1922,22
EHIST6251,Student_EHIST6251,20
EHIST6970,Student_EHIST6970,20
EHIST5076,Student_EHIST5076,22
EHIST3783,Student_EHIST3783,20
EHIST1726,Student_EHIST1726,24
EHIST5465,Student_EHIST5465,21
EHIST4138,Student_EHIST4138,25
EHIST2577,Student_EHIST2577,21
EHIST9900,Student_EHIST9900,22
EHIST1053,Student_EHIST1053,22
EHIST5597,Student_EHIST5597,22
EHIST3360,Student_EHIST3360,19
EHIST5055,Student_EHIST5055,19
EHIST7613,Student_EHIST7613,19
EHIST6996,Student_EHIST6996,21
EHIST1998,Student_EHIST1998,22
EHIST2488,Student_EHIST2488,18
EHIST9130,Student_EHIST9130,21
EHIST6575,Student_EHIST6575,20
EHIST4168,Student_EHIST4168,21
EHIST6567,Student_EHIST6567,21
EHIST7775,Student_EHIST7775,18
EHIST6766,Student_EHIST6766,22
EHIST1640,Student_EHIST1640,23
EHIST2105,Student_EHIST2105,25
EHIST9927,Student_EHIST9927,21
EHIST6604,Student_EHIST6604,20
EHIST9906,Student_EHIST9906,24
EHIST7835,Student_EHIST7835,20
EHIST2692,Student_EHIST2692,20
EHIST4175,Student_EHIST4175,21
EHIST5856,Student_EHIST5856,22
EHIST2000,Student_EHIST2000,25
EHIST8568,Student_EHIST8568,21
EHIST1851,Student_EHIST1851,18
EHIST8816,Student_EHIST8816,23
EHIST6055,Student_EHIST6055,25
EHIST3803,Student_EHIST3803,20
EHIST3347,Student_EHIST3347,19
EHIST1926,Student_EHIST1926,21
EHIST9310,Student_EHIST9310,22
EHIST8078,Student_EHIST8078,23
EHIST9652,Student_EHIST9652,19
EHIST1490,Student_EHIST1490,19
EHIST3384,Student_EHIST3384,24
EHIST5411,Student_EHIST5411,21
EHIST3649,Student_EHIST3649,21
EHIST7868,Student_EHIST7868,24
EHIST5799,Student_EHIST5799,19
EHIST7318,Student_EHIST7318,25
EHIST8522,Student_EHIST8522,22
EHIST8192,Student_EHIST8192,20
EHIST7629,Student_EHIST7629,22
EHIST4180,Student_EHIST4180,22
EHIST2092,Student_EHIST2092,21
EHIST8308,Student_EHIST8308,24
EHIST1857,Student_EHIST1857,21
EHIST4768,Student_EHIST4768,25
EHIST7755,Student_EHIST7755,25
EHIST4165,Student_EHIST4165,21
EHIST8614,Student_EHIST8614,21
EHIST6151,Student_EHIST6151,18
EHIST6206,Student_EHIST6206,22
EHIST7445,Student_EHIST7445,19
EHIST4265,Student_EHIST4265,19
EHIST4823,Student_EHIST4823,23
EHIST8617,Student_EHIST8617,22
EHIST8488,Student_EHIST8488,18
EHIST7290,Student_EHIST7290,20
EHIST5290,Student_EHIST5290,21
EHIST1169,Student_EHIST1169,21
EHIST1870,Student_EHIST1870,20
EHIST2972,Student_EHIST2972,21
EHIST5145,Student_EHIST5145,25
EHIST7888,Student_EHIST7888,24
EHIST5901,Student_EHIST5901,20
EHIST4352,Student_EHIST4352,24
EHIST1679,Student_EHIST1679,18
EHIST8682,Student_EHIST8682,20
EHIST9608,Student_EHIST9608,22
EHIST2771,Student_EHIST2771,23
EHIST6482,Student_EHIST6482,23
EHIST1645,Student_EHIST1645,24
EHIST9756,Student_EHIST9756,20
EHIST1539,Student_EHIST1539,25
EHIST4287,Student_EHIST4287,21
EHIST2371,Student_EHIST2371,22
EHIST1108,Student_EHIST1108,24
EHIST2398,Student_EHIST2398,20
EHIST6256,Student_EHIST6256,25
EHIST4883,Student_EHIST4883,21
EHIST1488,Student_EHIST1488,20
EHIST1777,Student_EHIST1777,20
EHIST3500,Student_EHIST3500,22
EHIST3601,Student_EHIST3601,25
EHIST9829,Student_EHIST9829,23
EHIST7421,Student_EHIST7421,24
EHIST6764,Student_EHIST6764,19
EHIST7204,Student_EHIST7204,21
EHIST3008,Student_EHIST3008,21
EHIST5401,Student_EHIST5401,25
EHIST3263,Student_EHIST3263,25
EHIST7104,Student_EHIST7104,19
EHIST7280,Student_EHIST7280,20
EHIST2049,Student_EHIST2049,21
EHIST9170,Student_EHIST9170,23
EHIST6954,Student_EHIST6954,20
EHIST9842,Student_EHIST9842,21
EHIST8770,Student_EHIST8770,25
EHIST2039,Student_EHIST2039,22
EHIST9975,Student_EHIST9975,24
EHIST4972,Student_EHIST4972,23
EHIST2088,Student_EHIST2088,19
EHIST6137,Student_EHIST6137,24
EHIST3249,Student_EHIST3249,21
EHIST4148,Student_EHIST4148,23
EHIST4359,Student_EHIST4359,18
EHIST3224,Student_EHIST3224,25
EHIST3247,Student_EHIST3247,19
EHIST3441,Student_EHIST3441,25
EHIST3889,Student_EHIST3889,24
EHIST7411,Student_EHIST7411,20
EHIST3409,Student_EHIST3409,18
EHIST5099,Student_EHIST5099,19
EHIST6874,Student_EHIST6874,22
EHIST6000,Student_EHIST6000,23
EHIST4218,Student_EHIST4218,23
EHIST7793,Student_EHIST7793,20
EHIST9080,Student_EHIST9080,18
EHIST5246,Student_EHIST5246,20
EHIST8133,Student_EHIST8133,18
EHIST4528,Student_EHIST4528,22
EHIST7863,Student_EHIST7863,19
EHIST2125,Student_EHIST2125,20
EHIST6121,Student_EHIST6121,21
EHIST8835,Student_EHIST8835,23
EHIST8256,Student_EHIST8256,24
EHIST7505,Student_EHIST7505,22
EHIST9412,Student_EHIST9412,24
EHIST2679,Student_EHIST2679,21
EHIST8022,Student_EHIST8022,20
EHIST3015,Student_EHIST3015,21
EHIST2025,Student_EHIST2025,22
EHIST4081,Student_EHIST4081,23
EHIST6026,Student_EHIST6026,25
EHIST7188,Student_EHIST7188,19
EHIST9787,Student_EHIST9787,18
EHIST9254,Student_EHIST9254,19
EHIST7807,Student_EHIST7807,21
EHIST2752,Student_EHIST2752,21
EHIST7062,Student_EHIST7062,20
EHIST2998,Student_EHIST2998,25
EHIST7331,Student_EHIST7331,23
EHIST4024,Student_EHIST4024,23
EHIST3753,Student_EHIST3753,21
EHIST2971,Student_EHIST2971,21
EHIST7542,Student_EHIST7542,22
EHIST1995,Student_EHIST1995,25
EHIST4496,Student_EHIST4496,20
EHIST9272,Student_EHIST9272,20
EHIST8020,Student_EHIST8020,18
EHIST2701,Student_EHIST2701,22
EHIST2162,Student_EHIST2162,20
EHIST9597,Student_EHIST9597,21
EHIST1602,Student_EHIST1602,19
EHIST4242,Student_EHIST4242,18
EHIST2254,Student_EHIST2254,25
EHIST7136,Student_EHIST7136,25
EHIST2875,Student_EHIST2875,22
EHIST2378,Student_EHIST2378,24
EHIST3307,Student_EHIST3307,20
EHIST1789,Student_EHIST1789,18
EHIST7657,Student_EHIST7657,22
EHIST3319,Student_EHIST3319,23
EHIST5281,Student_EHIST5281,20
EHIST9045,Student_EHIST9045,22
EHIST5370,Student_EHIST5370,19
EHIST1218,Student_EHIST1218,24
EHIST3856,Student_EHIST3856,22
EHIST4908,Student_EHIST4908,19
EHIST8197,Student_EHIST8197,22
EHIST6241,Student_EHIST6241,24
EHIST8819,Student_EHIST8819,21
EHIST5528,Student_EHIST5528,25
EHIST7109,Student_EHIST7109,20
EHIST3160,Student_EHIST3160,25
EHIST2234,Student_EHIST2234,22
EHIST7726,Student_EHIST7726,19
EHIST6006,Student_EHIST6006,22
EHIST1360,Student_EHIST1360,21
EHIST8578,Student_EHIST8578,25
EHIST2682,Student_EHIST2682,24
EHIST2761,Student_EHIST2761,24
EHIST5674,Student_EHIST5674,22
EHIST1661,Student_EHIST1661,23
EHIST8273,Student_EHIST8273,24
EHIST1403,Student_EHIST1403,23
EHIST9332,Student_EHIST9332,23
EHIST7029,Student_EHIST7029,20
EHIST1595,Student_EHIST1595,21
EHIST7552,Student_EHIST7552,22
EHIST9569,Student_EHIST9569,18
EHIST3180,Student_EHIST3180,23
EHIST5781,Student_EHIST5781,21
EHIST7795,Student_EHIST7795,19
EHIST8649,Student_EHIST8649,19
EHIST6446,Student_EHIST6446,22
EHIST1566,Student_EHIST1566,24
EHIST6399,Student_EHIST6399,21
EHIST9089,Student_EHIST9089,22
EHIST2874,Student_EHIST2874,19
EHIST8350,Student_EHIST8350,25
EHIST2198,Student_EHIST2198,24
EHIST1594,Student_EHIST1594,21
EHIST9838,Student_EHIST9838,18
EHIST4378,Student_EHIST4378,19
EHIST2085,Student_EHIST2085,22
EHIST6215,Student_EHIST6215,24
EHIST6480,Student_EHIST6480,18
EHIST1219,Student_EHIST1219,19
EHIST3318,Student_EHIST3318,24
EHIST8431,Student_EHIST8431,19
EHIST9662,Student_EHIST9662,24
EHIST8529,Student_EHIST8529,25
EHIST7084,Student_EHIST7084,22
EHIST5880,Student_EHIST5880,22
EHIST2505,Student_EHIST2505,20
EHIST3453,Student_EHIST3453,22
EHIST4478,Student_EHIST4478,20
EHIST6836,Student_EHIST6836,20
EHIST9699,Student_EHIST9699,20
EHIST6712,Student_EHIST6712,24
EHIST1605,Student_EHIST1605,25
EHIST1721,Student_EHIST1721,21
EHIST6755,Student_EHIST6755,22
EHIST7735,Student_EHIST7735,22
EHIST5729,Student_EHIST5729,21
EHIST9521,Student_EHIST9521,21
EHIST5490,Student_EHIST5490,19
EHIST8743,Student_EHIST8743,25
EHIST2452,Student_EHIST2452,24
EHIST1208,Student_EHIST1208,18
EHIST2345,Student_EHIST2345,19
EHIST4147,Student_EHIST4147,25
EHIST2271,Student_EHIST2271,18
EHIST3356,Student_EHIST3356,22
EHIST3159,Student_EHIST3159,23
EHIST7840,Student_EHIST7840,19
EHIST3178,Student_EHIST3178,24
EHIST8395,Student_EHIST8395,22
EHIST1273,Student_EHIST1273,25
EHIST4714,Student_EHIST4714,25
EHIST5981,Student_EHIST5981,22
EHIST1453,Student_EHIST1453,20
EHIST4716,Student_EHIST4716,19
EHIST9311,Student_EHIST9311,18
EHIST8453,Student_EHIST8453,19
EHIST2305,Student_EHIST2305,23
EHIST6987,Student_EHIST6987,23
EHIST1388,Student_EHIST1388,20
EHIST5433,Student_EHIST5433,20
EHIST1447,Student_EHIST1447,21
EHIST3120,Student_EHIST3120,22
EHIST5424,Student_EHIST5424,21
EHIST8356,Student_EHIST8356,23
EHIST6621,Student_EHIST6621,21
EHIST5993,Student_EHIST5993,25
EHIST5121,Student_EHIST5121,21
EHIST1658,Student_EHIST1658,21
EHIST5149,Student_EHIST5149,21
EHIST8459,Student_EHIST8459,24
EHIST6716,Student_EHIST6716,21
EHIST9453,Student_EHIST9453,20
EHIST8589,Student_EHIST8589,21
EHIST2562,Student_EHIST2562,24
EHIST3915,Student_EHIST3915,22
EHIST5240,Student_EHIST5240,21
EHIST5402,Student_EHIST5402,19
EHIST9697,Student_EHIST9697,25
EHIST7238,Student_EHIST7238,24
EHIST5840,Student_EHIST5840,24
EHIST9002,Student_EHIST9002,18
EHIST6217,Student_EHIST6217,19
EHIST9840,Student_EHIST9840,22
EHIST3819,Student_EHIST3819,25
EHIST5938,Student_EHIST5938,21
EHIST3853,Student_EHIST3853,20
EHIST8340,Student_EHIST8340,22
EHIST5604,Student_EHIST5604,18
EHIST1518,Student_EHIST1518,22
EHIST9818,Student_EHIST9818,19
EHIST5775,Student_EHIST5775,21
EHIST2127,Student_EHIST2127,23
EHIST3229,Student_EHIST3229,19
EHIST6584,Student_EHIST6584,20
EHIST7949,Student_EHIST7949,18
EHIST2280,Student_EHIST2280,23
EHIST6210,Student_EHIST6210,19
EHIST8316,Student_EHIST8316,19
EHIST8706,Student_EHIST8706,24
EHIST1970,Student_EHIST1970,20
EHIST4009,Student_EHIST4009,23
EHIST9810,Student_EHIST9810,20
EHIST3759,Student_EHIST3759,20
EHIST9669,Student_EHIST9669,18
EHIST3943,Student_EHIST3943,25
EHIST6312,Student_EHIST6312,22
EHIST9286,Student_EHIST9286,20
EHIST8045,Student_EHIST8045,25
EHIST2666,Student_EHIST2666,22
EHIST6142,Student_EHIST6142,23
EHIST5423,Student_EHIST5423,24
EHIST8301,Student_EHIST8301,20
EHIST7760,Student_EHIST7760,25
EHIST2357,Student_EHIST2357,21
EHIST6318,Student_EHIST6318,18
EHIST9275,Student_EHIST9275,21
EHIST8119,Student_EHIST8119,25
EHIST9294,Student_EHIST9294,23
EHIST2647,Student_EHIST2647,18
EHIST4841,Student_EHIST4841,22
EHIST4691,Student_EHIST4691,18
EHIST2808,Student_EHIST2808,24
EHIST9246,Student_EHIST9246,25
EHIST6968,Student_EHIST6968,18
EHIST2451,Student_EHIST2451,25
EHIST5340,Student_EHIST5340,20
EHIST5696,Student_EHIST5696,23
EHIST8990,Student_EHIST8990,24
EHIST7671,Student_EHIST7671,21
EHIST6964,Student_EHIST6964,21
EHIST9998,Student_EHIST9998,19
EHIST2532,Student_EHIST2532,24
EHIST9928,Student_EHIST9928,21
EHIST5001,Student_EHIST5001,20
EHIST9528,Student_EHIST9528,20
EHIST5395,Student_EHIST5395,25
EHIST1048,Student_EHIST1048,24
EHIST1188,Student_EHIST1188,18
EHIST6008,Student_EHIST6008,18
EHIST4998,Student_EHIST4998,25
EHIST4680,Student_EHIST4680,21
EHIST9609,Student_EHIST9609,22
EHIST9077,Student_EHIST9077,21
EHIST9768,Student_EHIST9768,25
EHIST8730,Student_EHIST8730,20
EHIST7786,Student_EHIST7786,22
EHIST5344,Student_EHIST5344,24
EHIST5965,Student_EHIST5965,22
EHIST3175,Student_EHIST3175,25
EHIST1753,Student_EHIST1753,20
EHIST2582,Student_EHIST2582,18
EHIST1465,Student_EHIST1465,18
EHIST3516,Student_EHIST3516,22
EHIST1805,Student_EHIST1805,21
EHIST3608,Student_EHIST3608,20
EHIST9279,Student_EHIST9279,23
EHIST9456,Student_EHIST9456,19
EHIST2333,Student_EHIST2333,21
EHIST5512,Student_EHIST5512,18
EHIST3060,Student_EHIST3060,24
EHIST8484,Student_EHIST8484,25
EHIST5458,Student_EHIST5458,22
EHIST7637,Student_EHIST7637,22
EHIST1741,Student_EHIST1741,20
EHIST8695,Student_EHIST8695,21
EHIST4971,Student_EHIST4971,23
EHIST3913,Student_EHIST3913,18
EHIST1372,Student_EHIST1372,21
EHIST2395,Student_EHIST2395,24
EHIST3999,Student_EHIST3999,18
EHIST3104,Student_EHIST3104,21
EHIST9060,Student_EHIST9060,24
EHIST9126,Student_EHIST9126,22
EHIST2272,Student_EHIST2272,20
EHIST4291,Student_EHIST4291,23
EHIST4234,Student_EHIST4234,24
EHIST5819,Student_EHIST5819,20
EHIST9738,Student_EHIST9738,21
EHIST6675,Student_EHIST6675,23
EHIST6625,Student_EHIST6625,21
EHIST6295,Student_EHIST6295,23
EHIST8035,Student_EHIST8035,22
EHIST6809,Student_EHIST6809,23
EHIST9211,Student_EHIST9211,23
EHIST7978,Student_EHIST7978,24
EHIST6915,Student_EHIST6915,21
EHIST5325,Student_EHIST5325,21
EHIST7105,Student_EHIST7105,24
EHIST4819,Student_EHIST4819,19
EHIST7347,Student_EHIST7347,25
EHIST2912,Student_EHIST2912,20
EHIST7037,Student_EHIST7037,25
EHIST1213,Student_EHIST1213,20
EHIST5323,Student_EHIST5323,21
EHIST5992,Student_EHIST5992,21
EHIST8424,Student_EHIST8424,19
EHIST4909,Student_EHIST4909,23
EHIST8686,Student_EHIST8686,21
EHIST1115,Student_EHIST1115,19
EHIST1144,Student_EHIST1144,19
EHIST7441,Student_EHIST7441,21
EHIST8397,Student_EHIST8397,25
EHIST4366,Student_EHIST4366,22
EHIST2527,Student_EHIST2527,22
EHIST6698,Student_EHIST6698,23
EHIST6786,Student_EHIST6786,21
EHIST8911,Student_EHIST8911,22
EHIST7199,Student_EHIST7199,21
EHIST2383,Student_EHIST2383,18
EHIST5584,Student_EHIST5584,20
EHIST8552,Student_EHIST8552,25
EHIST1719,Student_EHIST1719,20
EHIST9151,Student_EHIST9151,18
EHIST5405,Student_EHIST5405,20
EHIST2282,Student_EHIST2282,25
EHIST5576,Student_EHIST5576,24
EHIST1546,Student_EHIST1546,22
EHIST5398,Student_EHIST5398,19
EHIST6887,Student_EHIST6887,23
EHIST7072,Student_EHIST7072,19
EHIST6104,Student_EHIST6104,25
EHIST6391,Student_EHIST6391,24
EHIST9671,Student_EHIST9671,20
EHIST3961,Student_EHIST3961,19
EHIST4058,Student_EHIST4058,21
EHIST3531,Student_EHIST3531,20
EHIST6526,Student_EHIST6526,23
EHIST8729,Student_EHIST8729,19
EHIST8651,Student_EHIST8651,24
EHIST7883,Student_EHIST7883,25
EHIST9583,Student_EHIST9583,22
EHIST6856,Student_EHIST6856,18
EHIST8249,Student_EHIST8249,21
EHIST7873,Student_EHIST7873,19
EHIST2057,Student_EHIST2057,24
EHIST8853,Student_EHIST8853,18
EHIST3250,Student_EHIST3250,20
EHIST6358,Student_EHIST6358,19
EHIST4494,Student_EHIST4494,25
EHIST1072,Student_EHIST1072,19
EHIST4906,Student_EHIST4906,19
EHIST8289,Student_EHIST8289,23
EHIST3376,Student_EHIST3376,22
EHIST7300,Student_EHIST7300,24
EHIST9368,Student_EHIST9368,21
EHIST6498,Student_EHIST6498,24
